"","AMHE_ANG","AMHE_VOLT","BOWM_ANG","BOWM_VOLT","CLAR_ANG","CLAR_VOLT","CROSS_ANG","CROSS_VOLT","GRAN_ANG","GRAN_VOLT","MAPL_ANG","MAPL_VOLT","TROY_ANG","TROY_VOLT","WAUT_ANG","WAUT_VOLT","WINL_ANG","WINL_VOLT"
"0","24.647703283869298","1.0","4.2398336803321035","0.9905989282574934","0.0","1.0","7.745120142370926","0.9831579668413469","17.086282695542653","1.0111786717050053","16.593864887164067","1.0143022588237098","7.5058078020818595","0.9939999979975076","18.859085401919437","1.0100781263183927","19.40866014206659","1.0"
"1","24.544486249540554","0.9999999999999999","4.187623383161124","0.9904531699655976","0.0","1.0","7.686337947905484","0.9826505375073255","16.96349932190838","1.0114653324161953","16.471475157858904","1.014315832123665","7.382747221646218","0.9935839158359706","18.756072239960094","1.0101137180802489","19.286234139617168","0.9999999999999998"
"2","-9.019093601241263","0.9999999999999999","-10.057297734921997","0.9444592439801149","0.0","1.0","-19.004962558128355","0.889041178991971","-20.290232142031595","0.9449122689207357","-18.29846695562609","0.9777943245961872","-18.32728858476651","0.9161079280954596","-15.065752260282212","0.9679846811115644","-16.860981078256117","0.9999999999999999"
"3","18.53996422910123","0.9999999999999999","-2.699076630267069","0.9722602502842045","0.0","1.0","-1.7357855760904508","0.9345093512121826","11.988690626145246","0.9819827907479611","16.838078060396022","1.0057106728519734","-7.826847157801755","0.9448944827136895","12.629546434441046","0.989333342386941","19.676937078564563","0.9999999999999999"
