"","AMHE_ANG","AMHE_VOLT","BOWM_ANG","BOWM_VOLT","CLAR_ANG","CLAR_VOLT","CROSS_ANG","CROSS_VOLT","GRAN_ANG","GRAN_VOLT","MAPL_ANG","MAPL_VOLT","TROY_ANG","TROY_VOLT","WAUT_ANG","WAUT_VOLT","WINL_ANG","WINL_VOLT"
"avg","6.031480405987898","1.0","-4.687829345641245","0.9627427953316585","0.0","1.0","-8.131607009141003","0.9236727002852398","-3.1865662621602064","0.9705518736347973","-1.1566851785264465","0.9936656148608107","-9.285166631729199","0.9426915576288043","0.08266015483344587","0.9837391821740143","0.9613334695218417","1.0"
"scalefactor","0.032624899499062","2.251799813685248E15","0.08326953419067126","11.72856923881912","1.0","1.0","0.03999671723664763","7.126969898602461","0.029454044210254646","12.210528506813013","0.03248116423188822","20.64176110524983","0.04704368914020827","8.607458308684945","0.032275619034249116","18.04227315546837","0.033454813461378644","2.251799813685248E15"
